{
  "title": "Latin America Military Computer Market",
  "subtitle": "Latin America Military Computer Market by Component, Product, Application, End-User \u2014 Opportunity Analysis and Industry Forecast, 2025\u20132030",
  "industry": "Aerospace & Defense",
  "publish_date": "06-Nov-2025",
  "report_code": "AD3647",
  "pages": 204,
  "no_of_tables": 146,
  "no_of_figures": 91,
  "market_size_2024_usd_million": 240.7,
  "market_size_2025_usd_million": 259.66,
  "market_size_2030_forecast_usd_million": 323.1,
  "cagr_2025_2030_percent": 4.5,
  "analysis_period": "2024\u20132030",
  "base_year": 2024,
  "forecast_period": "2025\u20132030",
  "key_players": [
    "Elbit Systems Ltd.",
    "Panasonic Holdings Corporation",
    "Collins Aerospace",
    "Intel Corporation",
    "Barco NV",
    "Dell Technologies",
    "Advanced Micro Devices, Inc.",
    "Thales Group",
    "Curtiss-Wright Corporation",
    "IBM Corporation",
    "Getac Technology Corp",
    "Honeywell International Inc",
    "General Dynamics Corporation",
    "Lockheed Martin Corporation",
    "Bharat Electronics Limited (BEL)"
  ],
  "source_url": "https://www.nextmsc.com/report/latin-america-military-computer-market-3647",
  "notes": "Metadata extracted from Next Move Strategy Consulting report page (captured 29-Nov-2025)."
}